-- phpMyAdmin SQL Dump
-- version 5.2.1
-- https://www.phpmyadmin.net/
--
-- Host: localhost
-- Waktu pembuatan: 06 Bulan Mei 2024 pada 16.55
-- Versi server: 10.11.7-MariaDB
-- Versi PHP: 8.2.4

SET SQL_MODE = "NO_AUTO_VALUE_ON_ZERO";
START TRANSACTION;
SET time_zone = "+00:00";


/*!40101 SET @OLD_CHARACTER_SET_CLIENT=@@CHARACTER_SET_CLIENT */;
/*!40101 SET @OLD_CHARACTER_SET_RESULTS=@@CHARACTER_SET_RESULTS */;
/*!40101 SET @OLD_COLLATION_CONNECTION=@@COLLATION_CONNECTION */;
/*!40101 SET NAMES utf8mb4 */;

--
-- Database: `dbpuskesmas`
--

-- --------------------------------------------------------

--
-- Struktur dari tabel `kelurahan`
--

CREATE TABLE `kelurahan` (
  `id` int(11) NOT NULL,
  `nama` varchar(45) DEFAULT NULL
) ENGINE=InnoDB DEFAULT CHARSET=utf8mb4 COLLATE=utf8mb4_general_ci;

--
-- Dumping data untuk tabel `kelurahan`
--

INSERT INTO `kelurahan` (`id`, `nama`) VALUES
(1, 'Kebon Jeruk'),
(2, 'Cipete'),
(3, 'Pondok Labu'),
(4, 'Cibubur'),
(5, 'Cilandak');

-- --------------------------------------------------------

--
-- Struktur dari tabel `paramedik`
--

CREATE TABLE `paramedik` (
  `id` int(11) NOT NULL,
  `nama` varchar(45) DEFAULT NULL,
  `gender` char(1) DEFAULT NULL,
  `tmp_lahir` varchar(30) DEFAULT NULL,
  `tgl_lahir` date DEFAULT NULL,
  `kategori` enum('Umum','Spesialis','Bidan','Dokter Gigi','Anastesi','Bedah','Ginekolog') DEFAULT NULL,
  `telpon` varchar(20) DEFAULT NULL,
  `alamat` varchar(100) DEFAULT NULL,
  `unit_kerja_id` int(11) DEFAULT NULL
) ENGINE=InnoDB DEFAULT CHARSET=utf8mb4 COLLATE=utf8mb4_general_ci;

--
-- Dumping data untuk tabel `paramedik`
--

INSERT INTO `paramedik` (`id`, `nama`, `gender`, `tmp_lahir`, `tgl_lahir`, `kategori`, `telpon`, `alamat`, `unit_kerja_id`) VALUES
(1, 'Dr. John Doe', 'L', 'Jakarta', '1980-05-15', 'Umum', '081234567890', 'Jakarta', 1),
(2, 'Dr. Jane Doe', 'P', 'Surabaya', '1975-10-20', 'Spesialis', '082345678901', 'Surabaya', 2),
(3, 'Dr. Michael Smith', 'L', 'Bandung', '1982-03-25', 'Bidan', '083456789012', 'Bandung', 3),
(4, 'Dr. Sarah Johnson', 'P', 'Yogyakarta', '1978-08-10', 'Dokter Gigi', '084567890123', 'Yogyakarta', 4),
(6, 'Dr. Khoirusyamil Yahya', 'L', 'Depok', '2003-11-23', 'Spesialis', '081905287897', 'jl. Masjid Bendungan 2', 1);

-- --------------------------------------------------------

--
-- Struktur dari tabel `pasien`
--

CREATE TABLE `pasien` (
  `id` int(11) NOT NULL,
  `kode` varchar(10) DEFAULT NULL,
  `nama` varchar(45) DEFAULT NULL,
  `tmp_lahir` varchar(30) DEFAULT NULL,
  `tgl_lahir` date DEFAULT NULL,
  `gender` char(1) DEFAULT NULL,
  `email` varchar(50) DEFAULT NULL,
  `alamat` varchar(100) DEFAULT NULL,
  `kelurahan_id` int(11) DEFAULT NULL
) ENGINE=InnoDB DEFAULT CHARSET=utf8mb4 COLLATE=utf8mb4_general_ci;

--
-- Dumping data untuk tabel `pasien`
--

INSERT INTO `pasien` (`id`, `kode`, `nama`, `tmp_lahir`, `tgl_lahir`, `gender`, `email`, `alamat`, `kelurahan_id`) VALUES
(1, '1001', 'Budi', 'Jakarta', '1990-05-15', 'L', 'budi@example.com', 'Jl. Anggrek No. 1', 1),
(2, '1002', 'Ani', 'Bandung', '1985-08-20', 'P', 'ani@example.com', 'Jl. Mawar No. 5', 2),
(3, '1003', 'Cindy', 'Surabaya', '1992-01-10', 'P', 'cindy@example.com', 'Jl. Melati No. 10', 3),
(4, '1004', 'Dodi', 'Yogyakarta', '1988-11-25', 'L', 'dodi@example.com', 'Jl. Dahlia No. 3', 4);

-- --------------------------------------------------------

--
-- Struktur dari tabel `periksa`
--

CREATE TABLE `periksa` (
  `id` int(11) NOT NULL,
  `tanggal` date DEFAULT NULL,
  `berat` double DEFAULT NULL,
  `tinggi` double DEFAULT NULL,
  `tensi` varchar(20) DEFAULT NULL,
  `keterangan` varchar(100) DEFAULT NULL,
  `pasien_id` int(11) DEFAULT NULL,
  `paramedik_id` int(11) DEFAULT NULL
) ENGINE=InnoDB DEFAULT CHARSET=utf8mb4 COLLATE=utf8mb4_general_ci;

--
-- Dumping data untuk tabel `periksa`
--

INSERT INTO `periksa` (`id`, `tanggal`, `berat`, `tinggi`, `tensi`, `keterangan`, `pasien_id`, `paramedik_id`) VALUES
(2, '2024-03-05', 70, 165, '130/85', 'Perlu pemantauan lebih lanjut', 2, 2),
(3, '2024-03-10', 72, 175, '140/90', 'Perlu tindakan medis', 3, 3),
(4, '2024-03-15', 68.5, 168, '125/82', 'Normal', 4, 4),
(6, '2024-05-05', 52.2, 160, '160/40', 'normal', 3, 6);

-- --------------------------------------------------------

--
-- Struktur dari tabel `unit_kerja`
--

CREATE TABLE `unit_kerja` (
  `id` int(11) NOT NULL,
  `nama` varchar(45) DEFAULT NULL
) ENGINE=InnoDB DEFAULT CHARSET=utf8mb4 COLLATE=utf8mb4_general_ci;

--
-- Dumping data untuk tabel `unit_kerja`
--

INSERT INTO `unit_kerja` (`id`, `nama`) VALUES
(1, 'Rumah Sakit Jakarta'),
(2, 'Rumah Sakit Surabaya'),
(3, 'Klinik Bandung'),
(4, 'Puskesmas Yogyakarta'),
(5, 'Rumah Sakit Semarang');

-- --------------------------------------------------------

--
-- Struktur dari tabel `users`
--

CREATE TABLE `users` (
  `id` int(11) NOT NULL,
  `username` varchar(20) DEFAULT NULL,
  `password` varchar(30) DEFAULT NULL
) ENGINE=InnoDB DEFAULT CHARSET=latin1 COLLATE=latin1_swedish_ci;

--
-- Dumping data untuk tabel `users`
--

INSERT INTO `users` (`id`, `username`, `password`) VALUES
(1, 'admin', 'admin'),
(6, 'luluk', 'luluk');

--
-- Indexes for dumped tables
--

--
-- Indeks untuk tabel `kelurahan`
--
ALTER TABLE `kelurahan`
  ADD PRIMARY KEY (`id`);

--
-- Indeks untuk tabel `paramedik`
--
ALTER TABLE `paramedik`
  ADD PRIMARY KEY (`id`),
  ADD KEY `unit_kerja_id` (`unit_kerja_id`);

--
-- Indeks untuk tabel `pasien`
--
ALTER TABLE `pasien`
  ADD PRIMARY KEY (`id`),
  ADD KEY `kelurahan_id` (`kelurahan_id`);

--
-- Indeks untuk tabel `periksa`
--
ALTER TABLE `periksa`
  ADD PRIMARY KEY (`id`),
  ADD KEY `pasien_id` (`pasien_id`),
  ADD KEY `dokter_id` (`paramedik_id`);

--
-- Indeks untuk tabel `unit_kerja`
--
ALTER TABLE `unit_kerja`
  ADD PRIMARY KEY (`id`);

--
-- Indeks untuk tabel `users`
--
ALTER TABLE `users`
  ADD PRIMARY KEY (`id`);

--
-- AUTO_INCREMENT untuk tabel yang dibuang
--

--
-- AUTO_INCREMENT untuk tabel `kelurahan`
--
ALTER TABLE `kelurahan`
  MODIFY `id` int(11) NOT NULL AUTO_INCREMENT, AUTO_INCREMENT=6;

--
-- AUTO_INCREMENT untuk tabel `paramedik`
--
ALTER TABLE `paramedik`
  MODIFY `id` int(11) NOT NULL AUTO_INCREMENT, AUTO_INCREMENT=7;

--
-- AUTO_INCREMENT untuk tabel `pasien`
--
ALTER TABLE `pasien`
  MODIFY `id` int(11) NOT NULL AUTO_INCREMENT, AUTO_INCREMENT=6;

--
-- AUTO_INCREMENT untuk tabel `periksa`
--
ALTER TABLE `periksa`
  MODIFY `id` int(11) NOT NULL AUTO_INCREMENT, AUTO_INCREMENT=7;

--
-- AUTO_INCREMENT untuk tabel `unit_kerja`
--
ALTER TABLE `unit_kerja`
  MODIFY `id` int(11) NOT NULL AUTO_INCREMENT, AUTO_INCREMENT=6;

--
-- AUTO_INCREMENT untuk tabel `users`
--
ALTER TABLE `users`
  MODIFY `id` int(11) NOT NULL AUTO_INCREMENT, AUTO_INCREMENT=7;

--
-- Ketidakleluasaan untuk tabel pelimpahan (Dumped Tables)
--

--
-- Ketidakleluasaan untuk tabel `paramedik`
--
ALTER TABLE `paramedik`
  ADD CONSTRAINT `paramedik_ibfk_1` FOREIGN KEY (`unit_kerja_id`) REFERENCES `unit_kerja` (`id`);

--
-- Ketidakleluasaan untuk tabel `pasien`
--
ALTER TABLE `pasien`
  ADD CONSTRAINT `pasien_ibfk_1` FOREIGN KEY (`kelurahan_id`) REFERENCES `kelurahan` (`id`);

--
-- Ketidakleluasaan untuk tabel `periksa`
--
ALTER TABLE `periksa`
  ADD CONSTRAINT `periksa_ibfk_1` FOREIGN KEY (`pasien_id`) REFERENCES `pasien` (`id`),
  ADD CONSTRAINT `periksa_ibfk_2` FOREIGN KEY (`paramedik_id`) REFERENCES `paramedik` (`id`);
COMMIT;

/*!40101 SET CHARACTER_SET_CLIENT=@OLD_CHARACTER_SET_CLIENT */;
/*!40101 SET CHARACTER_SET_RESULTS=@OLD_CHARACTER_SET_RESULTS */;
/*!40101 SET COLLATION_CONNECTION=@OLD_COLLATION_CONNECTION */;
